date,day_name,month,month_name,quarter,year,is_weekend
2022-01-01,Saturday,1,January,1,2022,True
2022-01-02,Sunday,1,January,1,2022,True
2022-01-03,Monday,1,January,1,2022,False
2022-01-04,Tuesday,1,January,1,2022,False
2022-01-05,Wednesday,1,January,1,2022,False
2022-01-06,Thursday,1,January,1,2022,False
2022-01-07,Friday,1,January,1,2022,False
2022-01-08,Saturday,1,January,1,2022,True
2022-01-09,Sunday,1,January,1,2022,True
2022-01-10,Monday,1,January,1,2022,False
2022-01-11,Tuesday,1,January,1,2022,False
2022-01-12,Wednesday,1,January,1,2022,False
2022-01-13,Thursday,1,January,1,2022,False
2022-01-14,Friday,1,January,1,2022,False
2022-01-15,Saturday,1,January,1,2022,True
2022-01-16,Sunday,1,January,1,2022,True
2022-01-17,Monday,1,January,1,2022,False
2022-01-18,Tuesday,1,January,1,2022,False
2022-01-19,Wednesday,1,January,1,2022,False
2022-01-20,Thursday,1,January,1,2022,False
2022-01-21,Friday,1,January,1,2022,False
2022-01-22,Saturday,1,January,1,2022,True
2022-01-23,Sunday,1,January,1,2022,True
2022-01-24,Monday,1,January,1,2022,False
2022-01-25,Tuesday,1,January,1,2022,False
2022-01-26,Wednesday,1,January,1,2022,False
2022-01-27,Thursday,1,January,1,2022,False
2022-01-28,Friday,1,January,1,2022,False
2022-01-29,Saturday,1,January,1,2022,True
2022-01-30,Sunday,1,January,1,2022,True
2022-01-31,Monday,1,January,1,2022,False
2022-02-01,Tuesday,2,February,1,2022,False
2022-02-02,Wednesday,2,February,1,2022,False
2022-02-03,Thursday,2,February,1,2022,False
2022-02-04,Friday,2,February,1,2022,False
2022-02-05,Saturday,2,February,1,2022,True
2022-02-06,Sunday,2,February,1,2022,True
2022-02-07,Monday,2,February,1,2022,False
2022-02-08,Tuesday,2,February,1,2022,False
2022-02-09,Wednesday,2,February,1,2022,False
2022-02-10,Thursday,2,February,1,2022,False
2022-02-11,Friday,2,February,1,2022,False
2022-02-12,Saturday,2,February,1,2022,True
2022-02-13,Sunday,2,February,1,2022,True
2022-02-14,Monday,2,February,1,2022,False
2022-02-15,Tuesday,2,February,1,2022,False
2022-02-16,Wednesday,2,February,1,2022,False
2022-02-17,Thursday,2,February,1,2022,False
2022-02-18,Friday,2,February,1,2022,False
2022-02-19,Saturday,2,February,1,2022,True
2022-02-20,Sunday,2,February,1,2022,True
2022-02-21,Monday,2,February,1,2022,False
2022-02-22,Tuesday,2,February,1,2022,False
2022-02-23,Wednesday,2,February,1,2022,False
2022-02-24,Thursday,2,February,1,2022,False
2022-02-25,Friday,2,February,1,2022,False
2022-02-26,Saturday,2,February,1,2022,True
2022-02-27,Sunday,2,February,1,2022,True
2022-02-28,Monday,2,February,1,2022,False
2022-03-01,Tuesday,3,March,1,2022,False
2022-03-02,Wednesday,3,March,1,2022,False
2022-03-03,Thursday,3,March,1,2022,False
2022-03-04,Friday,3,March,1,2022,False
2022-03-05,Saturday,3,March,1,2022,True
2022-03-06,Sunday,3,March,1,2022,True
2022-03-07,Monday,3,March,1,2022,False
2022-03-08,Tuesday,3,March,1,2022,False
2022-03-09,Wednesday,3,March,1,2022,False
2022-03-10,Thursday,3,March,1,2022,False
2022-03-11,Friday,3,March,1,2022,False
2022-03-12,Saturday,3,March,1,2022,True
2022-03-13,Sunday,3,March,1,2022,True
2022-03-14,Monday,3,March,1,2022,False
2022-03-15,Tuesday,3,March,1,2022,False
2022-03-16,Wednesday,3,March,1,2022,False
2022-03-17,Thursday,3,March,1,2022,False
2022-03-18,Friday,3,March,1,2022,False
2022-03-19,Saturday,3,March,1,2022,True
2022-03-20,Sunday,3,March,1,2022,True
2022-03-21,Monday,3,March,1,2022,False
2022-03-22,Tuesday,3,March,1,2022,False
2022-03-23,Wednesday,3,March,1,2022,False
2022-03-24,Thursday,3,March,1,2022,False
2022-03-25,Friday,3,March,1,2022,False
2022-03-26,Saturday,3,March,1,2022,True
2022-03-27,Sunday,3,March,1,2022,True
2022-03-28,Monday,3,March,1,2022,False
2022-03-29,Tuesday,3,March,1,2022,False
2022-03-30,Wednesday,3,March,1,2022,False
2022-03-31,Thursday,3,March,1,2022,False
2022-04-01,Friday,4,April,2,2022,False
2022-04-02,Saturday,4,April,2,2022,True
2022-04-03,Sunday,4,April,2,2022,True
2022-04-04,Monday,4,April,2,2022,False
2022-04-05,Tuesday,4,April,2,2022,False
2022-04-06,Wednesday,4,April,2,2022,False
2022-04-07,Thursday,4,April,2,2022,False
2022-04-08,Friday,4,April,2,2022,False
2022-04-09,Saturday,4,April,2,2022,True
2022-04-10,Sunday,4,April,2,2022,True
2022-04-11,Monday,4,April,2,2022,False
2022-04-12,Tuesday,4,April,2,2022,False
2022-04-13,Wednesday,4,April,2,2022,False
2022-04-14,Thursday,4,April,2,2022,False
2022-04-15,Friday,4,April,2,2022,False
2022-04-16,Saturday,4,April,2,2022,True
2022-04-17,Sunday,4,April,2,2022,True
2022-04-18,Monday,4,April,2,2022,False
2022-04-19,Tuesday,4,April,2,2022,False
2022-04-20,Wednesday,4,April,2,2022,False
2022-04-21,Thursday,4,April,2,2022,False
2022-04-22,Friday,4,April,2,2022,False
2022-04-23,Saturday,4,April,2,2022,True
2022-04-24,Sunday,4,April,2,2022,True
2022-04-25,Monday,4,April,2,2022,False
2022-04-26,Tuesday,4,April,2,2022,False
2022-04-27,Wednesday,4,April,2,2022,False
2022-04-28,Thursday,4,April,2,2022,False
2022-04-29,Friday,4,April,2,2022,False
2022-04-30,Saturday,4,April,2,2022,True
2022-05-01,Sunday,5,May,2,2022,True
2022-05-02,Monday,5,May,2,2022,False
2022-05-03,Tuesday,5,May,2,2022,False
2022-05-04,Wednesday,5,May,2,2022,False
2022-05-05,Thursday,5,May,2,2022,False
2022-05-06,Friday,5,May,2,2022,False
2022-05-07,Saturday,5,May,2,2022,True
2022-05-08,Sunday,5,May,2,2022,True
2022-05-09,Monday,5,May,2,2022,False
2022-05-10,Tuesday,5,May,2,2022,False
2022-05-11,Wednesday,5,May,2,2022,False
2022-05-12,Thursday,5,May,2,2022,False
2022-05-13,Friday,5,May,2,2022,False
2022-05-14,Saturday,5,May,2,2022,True
2022-05-15,Sunday,5,May,2,2022,True
2022-05-16,Monday,5,May,2,2022,False
2022-05-17,Tuesday,5,May,2,2022,False
2022-05-18,Wednesday,5,May,2,2022,False
2022-05-19,Thursday,5,May,2,2022,False
2022-05-20,Friday,5,May,2,2022,False
2022-05-21,Saturday,5,May,2,2022,True
2022-05-22,Sunday,5,May,2,2022,True
2022-05-23,Monday,5,May,2,2022,False
2022-05-24,Tuesday,5,May,2,2022,False
2022-05-25,Wednesday,5,May,2,2022,False
2022-05-26,Thursday,5,May,2,2022,False
2022-05-27,Friday,5,May,2,2022,False
2022-05-28,Saturday,5,May,2,2022,True
2022-05-29,Sunday,5,May,2,2022,True
2022-05-30,Monday,5,May,2,2022,False
2022-05-31,Tuesday,5,May,2,2022,False
2022-06-01,Wednesday,6,June,2,2022,False
2022-06-02,Thursday,6,June,2,2022,False
2022-06-03,Friday,6,June,2,2022,False
2022-06-04,Saturday,6,June,2,2022,True
2022-06-05,Sunday,6,June,2,2022,True
2022-06-06,Monday,6,June,2,2022,False
2022-06-07,Tuesday,6,June,2,2022,False
2022-06-08,Wednesday,6,June,2,2022,False
2022-06-09,Thursday,6,June,2,2022,False
2022-06-10,Friday,6,June,2,2022,False
2022-06-11,Saturday,6,June,2,2022,True
2022-06-12,Sunday,6,June,2,2022,True
2022-06-13,Monday,6,June,2,2022,False
2022-06-14,Tuesday,6,June,2,2022,False
2022-06-15,Wednesday,6,June,2,2022,False
2022-06-16,Thursday,6,June,2,2022,False
2022-06-17,Friday,6,June,2,2022,False
2022-06-18,Saturday,6,June,2,2022,True
2022-06-19,Sunday,6,June,2,2022,True
2022-06-20,Monday,6,June,2,2022,False
2022-06-21,Tuesday,6,June,2,2022,False
2022-06-22,Wednesday,6,June,2,2022,False
2022-06-23,Thursday,6,June,2,2022,False
2022-06-24,Friday,6,June,2,2022,False
2022-06-25,Saturday,6,June,2,2022,True
2022-06-26,Sunday,6,June,2,2022,True
2022-06-27,Monday,6,June,2,2022,False
2022-06-28,Tuesday,6,June,2,2022,False
2022-06-29,Wednesday,6,June,2,2022,False
2022-06-30,Thursday,6,June,2,2022,False
2022-07-01,Friday,7,July,3,2022,False
2022-07-02,Saturday,7,July,3,2022,True
2022-07-03,Sunday,7,July,3,2022,True
2022-07-04,Monday,7,July,3,2022,False
2022-07-05,Tuesday,7,July,3,2022,False
2022-07-06,Wednesday,7,July,3,2022,False
2022-07-07,Thursday,7,July,3,2022,False
2022-07-08,Friday,7,July,3,2022,False
2022-07-09,Saturday,7,July,3,2022,True
2022-07-10,Sunday,7,July,3,2022,True
2022-07-11,Monday,7,July,3,2022,False
2022-07-12,Tuesday,7,July,3,2022,False
2022-07-13,Wednesday,7,July,3,2022,False
2022-07-14,Thursday,7,July,3,2022,False
2022-07-15,Friday,7,July,3,2022,False
2022-07-16,Saturday,7,July,3,2022,True
2022-07-17,Sunday,7,July,3,2022,True
2022-07-18,Monday,7,July,3,2022,False
2022-07-19,Tuesday,7,July,3,2022,False
2022-07-20,Wednesday,7,July,3,2022,False
2022-07-21,Thursday,7,July,3,2022,False
2022-07-22,Friday,7,July,3,2022,False
2022-07-23,Saturday,7,July,3,2022,True
2022-07-24,Sunday,7,July,3,2022,True
2022-07-25,Monday,7,July,3,2022,False
2022-07-26,Tuesday,7,July,3,2022,False
2022-07-27,Wednesday,7,July,3,2022,False
2022-07-28,Thursday,7,July,3,2022,False
2022-07-29,Friday,7,July,3,2022,False
2022-07-30,Saturday,7,July,3,2022,True
2022-07-31,Sunday,7,July,3,2022,True
2022-08-01,Monday,8,August,3,2022,False
2022-08-02,Tuesday,8,August,3,2022,False
2022-08-03,Wednesday,8,August,3,2022,False
2022-08-04,Thursday,8,August,3,2022,False
2022-08-05,Friday,8,August,3,2022,False
2022-08-06,Saturday,8,August,3,2022,True
2022-08-07,Sunday,8,August,3,2022,True
2022-08-08,Monday,8,August,3,2022,False
2022-08-09,Tuesday,8,August,3,2022,False
2022-08-10,Wednesday,8,August,3,2022,False
2022-08-11,Thursday,8,August,3,2022,False
2022-08-12,Friday,8,August,3,2022,False
2022-08-13,Saturday,8,August,3,2022,True
2022-08-14,Sunday,8,August,3,2022,True
2022-08-15,Monday,8,August,3,2022,False
2022-08-16,Tuesday,8,August,3,2022,False
2022-08-17,Wednesday,8,August,3,2022,False
2022-08-18,Thursday,8,August,3,2022,False
2022-08-19,Friday,8,August,3,2022,False
2022-08-20,Saturday,8,August,3,2022,True
2022-08-21,Sunday,8,August,3,2022,True
2022-08-22,Monday,8,August,3,2022,False
2022-08-23,Tuesday,8,August,3,2022,False
2022-08-24,Wednesday,8,August,3,2022,False
2022-08-25,Thursday,8,August,3,2022,False
2022-08-26,Friday,8,August,3,2022,False
2022-08-27,Saturday,8,August,3,2022,True
2022-08-28,Sunday,8,August,3,2022,True
2022-08-29,Monday,8,August,3,2022,False
2022-08-30,Tuesday,8,August,3,2022,False
2022-08-31,Wednesday,8,August,3,2022,False
2022-09-01,Thursday,9,September,3,2022,False
2022-09-02,Friday,9,September,3,2022,False
2022-09-03,Saturday,9,September,3,2022,True
2022-09-04,Sunday,9,September,3,2022,True
2022-09-05,Monday,9,September,3,2022,False
2022-09-06,Tuesday,9,September,3,2022,False
2022-09-07,Wednesday,9,September,3,2022,False
2022-09-08,Thursday,9,September,3,2022,False
2022-09-09,Friday,9,September,3,2022,False
2022-09-10,Saturday,9,September,3,2022,True
2022-09-11,Sunday,9,September,3,2022,True
2022-09-12,Monday,9,September,3,2022,False
2022-09-13,Tuesday,9,September,3,2022,False
2022-09-14,Wednesday,9,September,3,2022,False
2022-09-15,Thursday,9,September,3,2022,False
2022-09-16,Friday,9,September,3,2022,False
2022-09-17,Saturday,9,September,3,2022,True
2022-09-18,Sunday,9,September,3,2022,True
2022-09-19,Monday,9,September,3,2022,False
2022-09-20,Tuesday,9,September,3,2022,False
2022-09-21,Wednesday,9,September,3,2022,False
2022-09-22,Thursday,9,September,3,2022,False
2022-09-23,Friday,9,September,3,2022,False
2022-09-24,Saturday,9,September,3,2022,True
2022-09-25,Sunday,9,September,3,2022,True
2022-09-26,Monday,9,September,3,2022,False
2022-09-27,Tuesday,9,September,3,2022,False
2022-09-28,Wednesday,9,September,3,2022,False
2022-09-29,Thursday,9,September,3,2022,False
2022-09-30,Friday,9,September,3,2022,False
2022-10-01,Saturday,10,October,4,2022,True
2022-10-02,Sunday,10,October,4,2022,True
2022-10-03,Monday,10,October,4,2022,False
2022-10-04,Tuesday,10,October,4,2022,False
2022-10-05,Wednesday,10,October,4,2022,False
2022-10-06,Thursday,10,October,4,2022,False
2022-10-07,Friday,10,October,4,2022,False
2022-10-08,Saturday,10,October,4,2022,True
2022-10-09,Sunday,10,October,4,2022,True
2022-10-10,Monday,10,October,4,2022,False
2022-10-11,Tuesday,10,October,4,2022,False
2022-10-12,Wednesday,10,October,4,2022,False
2022-10-13,Thursday,10,October,4,2022,False
2022-10-14,Friday,10,October,4,2022,False
2022-10-15,Saturday,10,October,4,2022,True
2022-10-16,Sunday,10,October,4,2022,True
2022-10-17,Monday,10,October,4,2022,False
2022-10-18,Tuesday,10,October,4,2022,False
2022-10-19,Wednesday,10,October,4,2022,False
2022-10-20,Thursday,10,October,4,2022,False
2022-10-21,Friday,10,October,4,2022,False
2022-10-22,Saturday,10,October,4,2022,True
2022-10-23,Sunday,10,October,4,2022,True
2022-10-24,Monday,10,October,4,2022,False
2022-10-25,Tuesday,10,October,4,2022,False
2022-10-26,Wednesday,10,October,4,2022,False
2022-10-27,Thursday,10,October,4,2022,False
2022-10-28,Friday,10,October,4,2022,False
2022-10-29,Saturday,10,October,4,2022,True
2022-10-30,Sunday,10,October,4,2022,True
2022-10-31,Monday,10,October,4,2022,False
2022-11-01,Tuesday,11,November,4,2022,False
2022-11-02,Wednesday,11,November,4,2022,False
2022-11-03,Thursday,11,November,4,2022,False
2022-11-04,Friday,11,November,4,2022,False
2022-11-05,Saturday,11,November,4,2022,True
2022-11-06,Sunday,11,November,4,2022,True
2022-11-07,Monday,11,November,4,2022,False
2022-11-08,Tuesday,11,November,4,2022,False
2022-11-09,Wednesday,11,November,4,2022,False
2022-11-10,Thursday,11,November,4,2022,False
2022-11-11,Friday,11,November,4,2022,False
2022-11-12,Saturday,11,November,4,2022,True
2022-11-13,Sunday,11,November,4,2022,True
2022-11-14,Monday,11,November,4,2022,False
2022-11-15,Tuesday,11,November,4,2022,False
2022-11-16,Wednesday,11,November,4,2022,False
2022-11-17,Thursday,11,November,4,2022,False
2022-11-18,Friday,11,November,4,2022,False
2022-11-19,Saturday,11,November,4,2022,True
2022-11-20,Sunday,11,November,4,2022,True
2022-11-21,Monday,11,November,4,2022,False
2022-11-22,Tuesday,11,November,4,2022,False
2022-11-23,Wednesday,11,November,4,2022,False
2022-11-24,Thursday,11,November,4,2022,False
2022-11-25,Friday,11,November,4,2022,False
2022-11-26,Saturday,11,November,4,2022,True
2022-11-27,Sunday,11,November,4,2022,True
2022-11-28,Monday,11,November,4,2022,False
2022-11-29,Tuesday,11,November,4,2022,False
2022-11-30,Wednesday,11,November,4,2022,False
2022-12-01,Thursday,12,December,4,2022,False
2022-12-02,Friday,12,December,4,2022,False
2022-12-03,Saturday,12,December,4,2022,True
2022-12-04,Sunday,12,December,4,2022,True
2022-12-05,Monday,12,December,4,2022,False
2022-12-06,Tuesday,12,December,4,2022,False
2022-12-07,Wednesday,12,December,4,2022,False
2022-12-08,Thursday,12,December,4,2022,False
2022-12-09,Friday,12,December,4,2022,False
2022-12-10,Saturday,12,December,4,2022,True
2022-12-11,Sunday,12,December,4,2022,True
2022-12-12,Monday,12,December,4,2022,False
2022-12-13,Tuesday,12,December,4,2022,False
2022-12-14,Wednesday,12,December,4,2022,False
2022-12-15,Thursday,12,December,4,2022,False
2022-12-16,Friday,12,December,4,2022,False
2022-12-17,Saturday,12,December,4,2022,True
2022-12-18,Sunday,12,December,4,2022,True
2022-12-19,Monday,12,December,4,2022,False
2022-12-20,Tuesday,12,December,4,2022,False
2022-12-21,Wednesday,12,December,4,2022,False
2022-12-22,Thursday,12,December,4,2022,False
2022-12-23,Friday,12,December,4,2022,False
2022-12-24,Saturday,12,December,4,2022,True
2022-12-25,Sunday,12,December,4,2022,True
2022-12-26,Monday,12,December,4,2022,False
2022-12-27,Tuesday,12,December,4,2022,False
2022-12-28,Wednesday,12,December,4,2022,False
2022-12-29,Thursday,12,December,4,2022,False
2022-12-30,Friday,12,December,4,2022,False
2022-12-31,Saturday,12,December,4,2022,True
2023-01-01,Sunday,1,January,1,2023,True
2023-01-02,Monday,1,January,1,2023,False
2023-01-03,Tuesday,1,January,1,2023,False
2023-01-04,Wednesday,1,January,1,2023,False
2023-01-05,Thursday,1,January,1,2023,False
2023-01-06,Friday,1,January,1,2023,False
2023-01-07,Saturday,1,January,1,2023,True
2023-01-08,Sunday,1,January,1,2023,True
2023-01-09,Monday,1,January,1,2023,False
2023-01-10,Tuesday,1,January,1,2023,False
2023-01-11,Wednesday,1,January,1,2023,False
2023-01-12,Thursday,1,January,1,2023,False
2023-01-13,Friday,1,January,1,2023,False
2023-01-14,Saturday,1,January,1,2023,True
2023-01-15,Sunday,1,January,1,2023,True
2023-01-16,Monday,1,January,1,2023,False
2023-01-17,Tuesday,1,January,1,2023,False
2023-01-18,Wednesday,1,January,1,2023,False
2023-01-19,Thursday,1,January,1,2023,False
2023-01-20,Friday,1,January,1,2023,False
2023-01-21,Saturday,1,January,1,2023,True
2023-01-22,Sunday,1,January,1,2023,True
2023-01-23,Monday,1,January,1,2023,False
2023-01-24,Tuesday,1,January,1,2023,False
2023-01-25,Wednesday,1,January,1,2023,False
2023-01-26,Thursday,1,January,1,2023,False
2023-01-27,Friday,1,January,1,2023,False
2023-01-28,Saturday,1,January,1,2023,True
2023-01-29,Sunday,1,January,1,2023,True
2023-01-30,Monday,1,January,1,2023,False
2023-01-31,Tuesday,1,January,1,2023,False
2023-02-01,Wednesday,2,February,1,2023,False
2023-02-02,Thursday,2,February,1,2023,False
2023-02-03,Friday,2,February,1,2023,False
2023-02-04,Saturday,2,February,1,2023,True
2023-02-05,Sunday,2,February,1,2023,True
2023-02-06,Monday,2,February,1,2023,False
2023-02-07,Tuesday,2,February,1,2023,False
2023-02-08,Wednesday,2,February,1,2023,False
2023-02-09,Thursday,2,February,1,2023,False
2023-02-10,Friday,2,February,1,2023,False
2023-02-11,Saturday,2,February,1,2023,True
2023-02-12,Sunday,2,February,1,2023,True
2023-02-13,Monday,2,February,1,2023,False
2023-02-14,Tuesday,2,February,1,2023,False
2023-02-15,Wednesday,2,February,1,2023,False
2023-02-16,Thursday,2,February,1,2023,False
2023-02-17,Friday,2,February,1,2023,False
2023-02-18,Saturday,2,February,1,2023,True
2023-02-19,Sunday,2,February,1,2023,True
2023-02-20,Monday,2,February,1,2023,False
2023-02-21,Tuesday,2,February,1,2023,False
2023-02-22,Wednesday,2,February,1,2023,False
2023-02-23,Thursday,2,February,1,2023,False
2023-02-24,Friday,2,February,1,2023,False
2023-02-25,Saturday,2,February,1,2023,True
2023-02-26,Sunday,2,February,1,2023,True
2023-02-27,Monday,2,February,1,2023,False
2023-02-28,Tuesday,2,February,1,2023,False
2023-03-01,Wednesday,3,March,1,2023,False
2023-03-02,Thursday,3,March,1,2023,False
2023-03-03,Friday,3,March,1,2023,False
2023-03-04,Saturday,3,March,1,2023,True
2023-03-05,Sunday,3,March,1,2023,True
2023-03-06,Monday,3,March,1,2023,False
2023-03-07,Tuesday,3,March,1,2023,False
2023-03-08,Wednesday,3,March,1,2023,False
2023-03-09,Thursday,3,March,1,2023,False
2023-03-10,Friday,3,March,1,2023,False
2023-03-11,Saturday,3,March,1,2023,True
2023-03-12,Sunday,3,March,1,2023,True
2023-03-13,Monday,3,March,1,2023,False
2023-03-14,Tuesday,3,March,1,2023,False
2023-03-15,Wednesday,3,March,1,2023,False
2023-03-16,Thursday,3,March,1,2023,False
2023-03-17,Friday,3,March,1,2023,False
2023-03-18,Saturday,3,March,1,2023,True
2023-03-19,Sunday,3,March,1,2023,True
2023-03-20,Monday,3,March,1,2023,False
2023-03-21,Tuesday,3,March,1,2023,False
2023-03-22,Wednesday,3,March,1,2023,False
2023-03-23,Thursday,3,March,1,2023,False
2023-03-24,Friday,3,March,1,2023,False
2023-03-25,Saturday,3,March,1,2023,True
2023-03-26,Sunday,3,March,1,2023,True
2023-03-27,Monday,3,March,1,2023,False
2023-03-28,Tuesday,3,March,1,2023,False
2023-03-29,Wednesday,3,March,1,2023,False
2023-03-30,Thursday,3,March,1,2023,False
2023-03-31,Friday,3,March,1,2023,False
2023-04-01,Saturday,4,April,2,2023,True
2023-04-02,Sunday,4,April,2,2023,True
2023-04-03,Monday,4,April,2,2023,False
2023-04-04,Tuesday,4,April,2,2023,False
2023-04-05,Wednesday,4,April,2,2023,False
2023-04-06,Thursday,4,April,2,2023,False
2023-04-07,Friday,4,April,2,2023,False
2023-04-08,Saturday,4,April,2,2023,True
2023-04-09,Sunday,4,April,2,2023,True
2023-04-10,Monday,4,April,2,2023,False
2023-04-11,Tuesday,4,April,2,2023,False
2023-04-12,Wednesday,4,April,2,2023,False
2023-04-13,Thursday,4,April,2,2023,False
2023-04-14,Friday,4,April,2,2023,False
2023-04-15,Saturday,4,April,2,2023,True
2023-04-16,Sunday,4,April,2,2023,True
2023-04-17,Monday,4,April,2,2023,False
2023-04-18,Tuesday,4,April,2,2023,False
2023-04-19,Wednesday,4,April,2,2023,False
2023-04-20,Thursday,4,April,2,2023,False
2023-04-21,Friday,4,April,2,2023,False
2023-04-22,Saturday,4,April,2,2023,True
2023-04-23,Sunday,4,April,2,2023,True
2023-04-24,Monday,4,April,2,2023,False
2023-04-25,Tuesday,4,April,2,2023,False
2023-04-26,Wednesday,4,April,2,2023,False
2023-04-27,Thursday,4,April,2,2023,False
2023-04-28,Friday,4,April,2,2023,False
2023-04-29,Saturday,4,April,2,2023,True
2023-04-30,Sunday,4,April,2,2023,True
2023-05-01,Monday,5,May,2,2023,False
2023-05-02,Tuesday,5,May,2,2023,False
2023-05-03,Wednesday,5,May,2,2023,False
2023-05-04,Thursday,5,May,2,2023,False
2023-05-05,Friday,5,May,2,2023,False
2023-05-06,Saturday,5,May,2,2023,True
2023-05-07,Sunday,5,May,2,2023,True
2023-05-08,Monday,5,May,2,2023,False
2023-05-09,Tuesday,5,May,2,2023,False
2023-05-10,Wednesday,5,May,2,2023,False
2023-05-11,Thursday,5,May,2,2023,False
2023-05-12,Friday,5,May,2,2023,False
2023-05-13,Saturday,5,May,2,2023,True
2023-05-14,Sunday,5,May,2,2023,True
2023-05-15,Monday,5,May,2,2023,False
2023-05-16,Tuesday,5,May,2,2023,False
2023-05-17,Wednesday,5,May,2,2023,False
2023-05-18,Thursday,5,May,2,2023,False
2023-05-19,Friday,5,May,2,2023,False
2023-05-20,Saturday,5,May,2,2023,True
2023-05-21,Sunday,5,May,2,2023,True
2023-05-22,Monday,5,May,2,2023,False
2023-05-23,Tuesday,5,May,2,2023,False
2023-05-24,Wednesday,5,May,2,2023,False
2023-05-25,Thursday,5,May,2,2023,False
2023-05-26,Friday,5,May,2,2023,False
2023-05-27,Saturday,5,May,2,2023,True
2023-05-28,Sunday,5,May,2,2023,True
2023-05-29,Monday,5,May,2,2023,False
2023-05-30,Tuesday,5,May,2,2023,False
2023-05-31,Wednesday,5,May,2,2023,False
2023-06-01,Thursday,6,June,2,2023,False
2023-06-02,Friday,6,June,2,2023,False
2023-06-03,Saturday,6,June,2,2023,True
2023-06-04,Sunday,6,June,2,2023,True
2023-06-05,Monday,6,June,2,2023,False
2023-06-06,Tuesday,6,June,2,2023,False
2023-06-07,Wednesday,6,June,2,2023,False
2023-06-08,Thursday,6,June,2,2023,False
2023-06-09,Friday,6,June,2,2023,False
2023-06-10,Saturday,6,June,2,2023,True
2023-06-11,Sunday,6,June,2,2023,True
2023-06-12,Monday,6,June,2,2023,False
2023-06-13,Tuesday,6,June,2,2023,False
2023-06-14,Wednesday,6,June,2,2023,False
2023-06-15,Thursday,6,June,2,2023,False
2023-06-16,Friday,6,June,2,2023,False
2023-06-17,Saturday,6,June,2,2023,True
2023-06-18,Sunday,6,June,2,2023,True
2023-06-19,Monday,6,June,2,2023,False
2023-06-20,Tuesday,6,June,2,2023,False
2023-06-21,Wednesday,6,June,2,2023,False
2023-06-22,Thursday,6,June,2,2023,False
2023-06-23,Friday,6,June,2,2023,False
2023-06-24,Saturday,6,June,2,2023,True
2023-06-25,Sunday,6,June,2,2023,True
2023-06-26,Monday,6,June,2,2023,False
2023-06-27,Tuesday,6,June,2,2023,False
2023-06-28,Wednesday,6,June,2,2023,False
2023-06-29,Thursday,6,June,2,2023,False
2023-06-30,Friday,6,June,2,2023,False
2023-07-01,Saturday,7,July,3,2023,True
2023-07-02,Sunday,7,July,3,2023,True
2023-07-03,Monday,7,July,3,2023,False
2023-07-04,Tuesday,7,July,3,2023,False
2023-07-05,Wednesday,7,July,3,2023,False
2023-07-06,Thursday,7,July,3,2023,False
2023-07-07,Friday,7,July,3,2023,False
2023-07-08,Saturday,7,July,3,2023,True
2023-07-09,Sunday,7,July,3,2023,True
2023-07-10,Monday,7,July,3,2023,False
2023-07-11,Tuesday,7,July,3,2023,False
2023-07-12,Wednesday,7,July,3,2023,False
2023-07-13,Thursday,7,July,3,2023,False
2023-07-14,Friday,7,July,3,2023,False
2023-07-15,Saturday,7,July,3,2023,True
2023-07-16,Sunday,7,July,3,2023,True
2023-07-17,Monday,7,July,3,2023,False
2023-07-18,Tuesday,7,July,3,2023,False
2023-07-19,Wednesday,7,July,3,2023,False
2023-07-20,Thursday,7,July,3,2023,False
2023-07-21,Friday,7,July,3,2023,False
2023-07-22,Saturday,7,July,3,2023,True
2023-07-23,Sunday,7,July,3,2023,True
2023-07-24,Monday,7,July,3,2023,False
2023-07-25,Tuesday,7,July,3,2023,False
2023-07-26,Wednesday,7,July,3,2023,False
2023-07-27,Thursday,7,July,3,2023,False
2023-07-28,Friday,7,July,3,2023,False
2023-07-29,Saturday,7,July,3,2023,True
2023-07-30,Sunday,7,July,3,2023,True
2023-07-31,Monday,7,July,3,2023,False
2023-08-01,Tuesday,8,August,3,2023,False
2023-08-02,Wednesday,8,August,3,2023,False
2023-08-03,Thursday,8,August,3,2023,False
2023-08-04,Friday,8,August,3,2023,False
2023-08-05,Saturday,8,August,3,2023,True
2023-08-06,Sunday,8,August,3,2023,True
2023-08-07,Monday,8,August,3,2023,False
2023-08-08,Tuesday,8,August,3,2023,False
2023-08-09,Wednesday,8,August,3,2023,False
2023-08-10,Thursday,8,August,3,2023,False
2023-08-11,Friday,8,August,3,2023,False
2023-08-12,Saturday,8,August,3,2023,True
2023-08-13,Sunday,8,August,3,2023,True
2023-08-14,Monday,8,August,3,2023,False
2023-08-15,Tuesday,8,August,3,2023,False
2023-08-16,Wednesday,8,August,3,2023,False
2023-08-17,Thursday,8,August,3,2023,False
2023-08-18,Friday,8,August,3,2023,False
2023-08-19,Saturday,8,August,3,2023,True
2023-08-20,Sunday,8,August,3,2023,True
2023-08-21,Monday,8,August,3,2023,False
2023-08-22,Tuesday,8,August,3,2023,False
2023-08-23,Wednesday,8,August,3,2023,False
2023-08-24,Thursday,8,August,3,2023,False
2023-08-25,Friday,8,August,3,2023,False
2023-08-26,Saturday,8,August,3,2023,True
2023-08-27,Sunday,8,August,3,2023,True
2023-08-28,Monday,8,August,3,2023,False
2023-08-29,Tuesday,8,August,3,2023,False
2023-08-30,Wednesday,8,August,3,2023,False
2023-08-31,Thursday,8,August,3,2023,False
2023-09-01,Friday,9,September,3,2023,False
2023-09-02,Saturday,9,September,3,2023,True
2023-09-03,Sunday,9,September,3,2023,True
2023-09-04,Monday,9,September,3,2023,False
2023-09-05,Tuesday,9,September,3,2023,False
2023-09-06,Wednesday,9,September,3,2023,False
2023-09-07,Thursday,9,September,3,2023,False
2023-09-08,Friday,9,September,3,2023,False
2023-09-09,Saturday,9,September,3,2023,True
2023-09-10,Sunday,9,September,3,2023,True
2023-09-11,Monday,9,September,3,2023,False
2023-09-12,Tuesday,9,September,3,2023,False
2023-09-13,Wednesday,9,September,3,2023,False
2023-09-14,Thursday,9,September,3,2023,False
2023-09-15,Friday,9,September,3,2023,False
2023-09-16,Saturday,9,September,3,2023,True
2023-09-17,Sunday,9,September,3,2023,True
2023-09-18,Monday,9,September,3,2023,False
2023-09-19,Tuesday,9,September,3,2023,False
2023-09-20,Wednesday,9,September,3,2023,False
2023-09-21,Thursday,9,September,3,2023,False
2023-09-22,Friday,9,September,3,2023,False
2023-09-23,Saturday,9,September,3,2023,True
2023-09-24,Sunday,9,September,3,2023,True
2023-09-25,Monday,9,September,3,2023,False
2023-09-26,Tuesday,9,September,3,2023,False
2023-09-27,Wednesday,9,September,3,2023,False
2023-09-28,Thursday,9,September,3,2023,False
2023-09-29,Friday,9,September,3,2023,False
2023-09-30,Saturday,9,September,3,2023,True
2023-10-01,Sunday,10,October,4,2023,True
2023-10-02,Monday,10,October,4,2023,False
2023-10-03,Tuesday,10,October,4,2023,False
2023-10-04,Wednesday,10,October,4,2023,False
2023-10-05,Thursday,10,October,4,2023,False
2023-10-06,Friday,10,October,4,2023,False
2023-10-07,Saturday,10,October,4,2023,True
2023-10-08,Sunday,10,October,4,2023,True
2023-10-09,Monday,10,October,4,2023,False
2023-10-10,Tuesday,10,October,4,2023,False
2023-10-11,Wednesday,10,October,4,2023,False
2023-10-12,Thursday,10,October,4,2023,False
2023-10-13,Friday,10,October,4,2023,False
2023-10-14,Saturday,10,October,4,2023,True
2023-10-15,Sunday,10,October,4,2023,True
2023-10-16,Monday,10,October,4,2023,False
2023-10-17,Tuesday,10,October,4,2023,False
2023-10-18,Wednesday,10,October,4,2023,False
2023-10-19,Thursday,10,October,4,2023,False
2023-10-20,Friday,10,October,4,2023,False
2023-10-21,Saturday,10,October,4,2023,True
2023-10-22,Sunday,10,October,4,2023,True
2023-10-23,Monday,10,October,4,2023,False
2023-10-24,Tuesday,10,October,4,2023,False
2023-10-25,Wednesday,10,October,4,2023,False
2023-10-26,Thursday,10,October,4,2023,False
2023-10-27,Friday,10,October,4,2023,False
2023-10-28,Saturday,10,October,4,2023,True
2023-10-29,Sunday,10,October,4,2023,True
2023-10-30,Monday,10,October,4,2023,False
2023-10-31,Tuesday,10,October,4,2023,False
2023-11-01,Wednesday,11,November,4,2023,False
2023-11-02,Thursday,11,November,4,2023,False
2023-11-03,Friday,11,November,4,2023,False
2023-11-04,Saturday,11,November,4,2023,True
2023-11-05,Sunday,11,November,4,2023,True
2023-11-06,Monday,11,November,4,2023,False
2023-11-07,Tuesday,11,November,4,2023,False
2023-11-08,Wednesday,11,November,4,2023,False
2023-11-09,Thursday,11,November,4,2023,False
2023-11-10,Friday,11,November,4,2023,False
2023-11-11,Saturday,11,November,4,2023,True
2023-11-12,Sunday,11,November,4,2023,True
2023-11-13,Monday,11,November,4,2023,False
2023-11-14,Tuesday,11,November,4,2023,False
2023-11-15,Wednesday,11,November,4,2023,False
2023-11-16,Thursday,11,November,4,2023,False
2023-11-17,Friday,11,November,4,2023,False
2023-11-18,Saturday,11,November,4,2023,True
2023-11-19,Sunday,11,November,4,2023,True
2023-11-20,Monday,11,November,4,2023,False
2023-11-21,Tuesday,11,November,4,2023,False
2023-11-22,Wednesday,11,November,4,2023,False
2023-11-23,Thursday,11,November,4,2023,False
2023-11-24,Friday,11,November,4,2023,False
2023-11-25,Saturday,11,November,4,2023,True
2023-11-26,Sunday,11,November,4,2023,True
2023-11-27,Monday,11,November,4,2023,False
2023-11-28,Tuesday,11,November,4,2023,False
2023-11-29,Wednesday,11,November,4,2023,False
2023-11-30,Thursday,11,November,4,2023,False
2023-12-01,Friday,12,December,4,2023,False
2023-12-02,Saturday,12,December,4,2023,True
2023-12-03,Sunday,12,December,4,2023,True
2023-12-04,Monday,12,December,4,2023,False
2023-12-05,Tuesday,12,December,4,2023,False
2023-12-06,Wednesday,12,December,4,2023,False
2023-12-07,Thursday,12,December,4,2023,False
2023-12-08,Friday,12,December,4,2023,False
2023-12-09,Saturday,12,December,4,2023,True
2023-12-10,Sunday,12,December,4,2023,True
2023-12-11,Monday,12,December,4,2023,False
2023-12-12,Tuesday,12,December,4,2023,False
2023-12-13,Wednesday,12,December,4,2023,False
2023-12-14,Thursday,12,December,4,2023,False
2023-12-15,Friday,12,December,4,2023,False
2023-12-16,Saturday,12,December,4,2023,True
2023-12-17,Sunday,12,December,4,2023,True
2023-12-18,Monday,12,December,4,2023,False
2023-12-19,Tuesday,12,December,4,2023,False
2023-12-20,Wednesday,12,December,4,2023,False
2023-12-21,Thursday,12,December,4,2023,False
2023-12-22,Friday,12,December,4,2023,False
2023-12-23,Saturday,12,December,4,2023,True
2023-12-24,Sunday,12,December,4,2023,True
2023-12-25,Monday,12,December,4,2023,False
2023-12-26,Tuesday,12,December,4,2023,False
2023-12-27,Wednesday,12,December,4,2023,False
2023-12-28,Thursday,12,December,4,2023,False
2023-12-29,Friday,12,December,4,2023,False
2023-12-30,Saturday,12,December,4,2023,True
2023-12-31,Sunday,12,December,4,2023,True
2024-01-01,Monday,1,January,1,2024,False
2024-01-02,Tuesday,1,January,1,2024,False
2024-01-03,Wednesday,1,January,1,2024,False
2024-01-04,Thursday,1,January,1,2024,False
2024-01-05,Friday,1,January,1,2024,False
2024-01-06,Saturday,1,January,1,2024,True
2024-01-07,Sunday,1,January,1,2024,True
2024-01-08,Monday,1,January,1,2024,False
2024-01-09,Tuesday,1,January,1,2024,False
2024-01-10,Wednesday,1,January,1,2024,False
2024-01-11,Thursday,1,January,1,2024,False
2024-01-12,Friday,1,January,1,2024,False
2024-01-13,Saturday,1,January,1,2024,True
2024-01-14,Sunday,1,January,1,2024,True
2024-01-15,Monday,1,January,1,2024,False
2024-01-16,Tuesday,1,January,1,2024,False
2024-01-17,Wednesday,1,January,1,2024,False
2024-01-18,Thursday,1,January,1,2024,False
2024-01-19,Friday,1,January,1,2024,False
2024-01-20,Saturday,1,January,1,2024,True
2024-01-21,Sunday,1,January,1,2024,True
2024-01-22,Monday,1,January,1,2024,False
2024-01-23,Tuesday,1,January,1,2024,False
2024-01-24,Wednesday,1,January,1,2024,False
2024-01-25,Thursday,1,January,1,2024,False
2024-01-26,Friday,1,January,1,2024,False
2024-01-27,Saturday,1,January,1,2024,True
2024-01-28,Sunday,1,January,1,2024,True
2024-01-29,Monday,1,January,1,2024,False
2024-01-30,Tuesday,1,January,1,2024,False
2024-01-31,Wednesday,1,January,1,2024,False
2024-02-01,Thursday,2,February,1,2024,False
2024-02-02,Friday,2,February,1,2024,False
2024-02-03,Saturday,2,February,1,2024,True
2024-02-04,Sunday,2,February,1,2024,True
2024-02-05,Monday,2,February,1,2024,False
2024-02-06,Tuesday,2,February,1,2024,False
2024-02-07,Wednesday,2,February,1,2024,False
2024-02-08,Thursday,2,February,1,2024,False
2024-02-09,Friday,2,February,1,2024,False
2024-02-10,Saturday,2,February,1,2024,True
2024-02-11,Sunday,2,February,1,2024,True
2024-02-12,Monday,2,February,1,2024,False
2024-02-13,Tuesday,2,February,1,2024,False
2024-02-14,Wednesday,2,February,1,2024,False
2024-02-15,Thursday,2,February,1,2024,False
2024-02-16,Friday,2,February,1,2024,False
2024-02-17,Saturday,2,February,1,2024,True
2024-02-18,Sunday,2,February,1,2024,True
2024-02-19,Monday,2,February,1,2024,False
2024-02-20,Tuesday,2,February,1,2024,False
2024-02-21,Wednesday,2,February,1,2024,False
2024-02-22,Thursday,2,February,1,2024,False
2024-02-23,Friday,2,February,1,2024,False
2024-02-24,Saturday,2,February,1,2024,True
2024-02-25,Sunday,2,February,1,2024,True
2024-02-26,Monday,2,February,1,2024,False
2024-02-27,Tuesday,2,February,1,2024,False
2024-02-28,Wednesday,2,February,1,2024,False
2024-02-29,Thursday,2,February,1,2024,False
2024-03-01,Friday,3,March,1,2024,False
2024-03-02,Saturday,3,March,1,2024,True
2024-03-03,Sunday,3,March,1,2024,True
2024-03-04,Monday,3,March,1,2024,False
2024-03-05,Tuesday,3,March,1,2024,False
2024-03-06,Wednesday,3,March,1,2024,False
2024-03-07,Thursday,3,March,1,2024,False
2024-03-08,Friday,3,March,1,2024,False
2024-03-09,Saturday,3,March,1,2024,True
2024-03-10,Sunday,3,March,1,2024,True
2024-03-11,Monday,3,March,1,2024,False
2024-03-12,Tuesday,3,March,1,2024,False
2024-03-13,Wednesday,3,March,1,2024,False
2024-03-14,Thursday,3,March,1,2024,False
2024-03-15,Friday,3,March,1,2024,False
2024-03-16,Saturday,3,March,1,2024,True
2024-03-17,Sunday,3,March,1,2024,True
2024-03-18,Monday,3,March,1,2024,False
2024-03-19,Tuesday,3,March,1,2024,False
2024-03-20,Wednesday,3,March,1,2024,False
2024-03-21,Thursday,3,March,1,2024,False
2024-03-22,Friday,3,March,1,2024,False
2024-03-23,Saturday,3,March,1,2024,True
2024-03-24,Sunday,3,March,1,2024,True
2024-03-25,Monday,3,March,1,2024,False
2024-03-26,Tuesday,3,March,1,2024,False
2024-03-27,Wednesday,3,March,1,2024,False
2024-03-28,Thursday,3,March,1,2024,False
2024-03-29,Friday,3,March,1,2024,False
2024-03-30,Saturday,3,March,1,2024,True
2024-03-31,Sunday,3,March,1,2024,True
2024-04-01,Monday,4,April,2,2024,False
2024-04-02,Tuesday,4,April,2,2024,False
2024-04-03,Wednesday,4,April,2,2024,False
2024-04-04,Thursday,4,April,2,2024,False
2024-04-05,Friday,4,April,2,2024,False
2024-04-06,Saturday,4,April,2,2024,True
2024-04-07,Sunday,4,April,2,2024,True
2024-04-08,Monday,4,April,2,2024,False
2024-04-09,Tuesday,4,April,2,2024,False
2024-04-10,Wednesday,4,April,2,2024,False
2024-04-11,Thursday,4,April,2,2024,False
2024-04-12,Friday,4,April,2,2024,False
2024-04-13,Saturday,4,April,2,2024,True
2024-04-14,Sunday,4,April,2,2024,True
2024-04-15,Monday,4,April,2,2024,False
2024-04-16,Tuesday,4,April,2,2024,False
2024-04-17,Wednesday,4,April,2,2024,False
2024-04-18,Thursday,4,April,2,2024,False
2024-04-19,Friday,4,April,2,2024,False
2024-04-20,Saturday,4,April,2,2024,True
2024-04-21,Sunday,4,April,2,2024,True
2024-04-22,Monday,4,April,2,2024,False
2024-04-23,Tuesday,4,April,2,2024,False
2024-04-24,Wednesday,4,April,2,2024,False
2024-04-25,Thursday,4,April,2,2024,False
2024-04-26,Friday,4,April,2,2024,False
2024-04-27,Saturday,4,April,2,2024,True
2024-04-28,Sunday,4,April,2,2024,True
2024-04-29,Monday,4,April,2,2024,False
2024-04-30,Tuesday,4,April,2,2024,False
2024-05-01,Wednesday,5,May,2,2024,False
2024-05-02,Thursday,5,May,2,2024,False
2024-05-03,Friday,5,May,2,2024,False
2024-05-04,Saturday,5,May,2,2024,True
2024-05-05,Sunday,5,May,2,2024,True
2024-05-06,Monday,5,May,2,2024,False
2024-05-07,Tuesday,5,May,2,2024,False
2024-05-08,Wednesday,5,May,2,2024,False
2024-05-09,Thursday,5,May,2,2024,False
2024-05-10,Friday,5,May,2,2024,False
2024-05-11,Saturday,5,May,2,2024,True
2024-05-12,Sunday,5,May,2,2024,True
2024-05-13,Monday,5,May,2,2024,False
2024-05-14,Tuesday,5,May,2,2024,False
2024-05-15,Wednesday,5,May,2,2024,False
2024-05-16,Thursday,5,May,2,2024,False
2024-05-17,Friday,5,May,2,2024,False
2024-05-18,Saturday,5,May,2,2024,True
2024-05-19,Sunday,5,May,2,2024,True
2024-05-20,Monday,5,May,2,2024,False
2024-05-21,Tuesday,5,May,2,2024,False
2024-05-22,Wednesday,5,May,2,2024,False
2024-05-23,Thursday,5,May,2,2024,False
2024-05-24,Friday,5,May,2,2024,False
2024-05-25,Saturday,5,May,2,2024,True
2024-05-26,Sunday,5,May,2,2024,True
2024-05-27,Monday,5,May,2,2024,False
2024-05-28,Tuesday,5,May,2,2024,False
2024-05-29,Wednesday,5,May,2,2024,False
2024-05-30,Thursday,5,May,2,2024,False
2024-05-31,Friday,5,May,2,2024,False
2024-06-01,Saturday,6,June,2,2024,True
2024-06-02,Sunday,6,June,2,2024,True
2024-06-03,Monday,6,June,2,2024,False
2024-06-04,Tuesday,6,June,2,2024,False
2024-06-05,Wednesday,6,June,2,2024,False
2024-06-06,Thursday,6,June,2,2024,False
2024-06-07,Friday,6,June,2,2024,False
2024-06-08,Saturday,6,June,2,2024,True
2024-06-09,Sunday,6,June,2,2024,True
2024-06-10,Monday,6,June,2,2024,False
2024-06-11,Tuesday,6,June,2,2024,False
2024-06-12,Wednesday,6,June,2,2024,False
2024-06-13,Thursday,6,June,2,2024,False
2024-06-14,Friday,6,June,2,2024,False
2024-06-15,Saturday,6,June,2,2024,True
2024-06-16,Sunday,6,June,2,2024,True
2024-06-17,Monday,6,June,2,2024,False
2024-06-18,Tuesday,6,June,2,2024,False
2024-06-19,Wednesday,6,June,2,2024,False
2024-06-20,Thursday,6,June,2,2024,False
2024-06-21,Friday,6,June,2,2024,False
2024-06-22,Saturday,6,June,2,2024,True
2024-06-23,Sunday,6,June,2,2024,True
2024-06-24,Monday,6,June,2,2024,False
2024-06-25,Tuesday,6,June,2,2024,False
2024-06-26,Wednesday,6,June,2,2024,False
2024-06-27,Thursday,6,June,2,2024,False
2024-06-28,Friday,6,June,2,2024,False
2024-06-29,Saturday,6,June,2,2024,True
2024-06-30,Sunday,6,June,2,2024,True
2024-07-01,Monday,7,July,3,2024,False
2024-07-02,Tuesday,7,July,3,2024,False
2024-07-03,Wednesday,7,July,3,2024,False
2024-07-04,Thursday,7,July,3,2024,False
2024-07-05,Friday,7,July,3,2024,False
2024-07-06,Saturday,7,July,3,2024,True
2024-07-07,Sunday,7,July,3,2024,True
2024-07-08,Monday,7,July,3,2024,False
2024-07-09,Tuesday,7,July,3,2024,False
2024-07-10,Wednesday,7,July,3,2024,False
2024-07-11,Thursday,7,July,3,2024,False
2024-07-12,Friday,7,July,3,2024,False
2024-07-13,Saturday,7,July,3,2024,True
2024-07-14,Sunday,7,July,3,2024,True
2024-07-15,Monday,7,July,3,2024,False
2024-07-16,Tuesday,7,July,3,2024,False
2024-07-17,Wednesday,7,July,3,2024,False
2024-07-18,Thursday,7,July,3,2024,False
2024-07-19,Friday,7,July,3,2024,False
2024-07-20,Saturday,7,July,3,2024,True
2024-07-21,Sunday,7,July,3,2024,True
2024-07-22,Monday,7,July,3,2024,False
2024-07-23,Tuesday,7,July,3,2024,False
2024-07-24,Wednesday,7,July,3,2024,False
2024-07-25,Thursday,7,July,3,2024,False
2024-07-26,Friday,7,July,3,2024,False
2024-07-27,Saturday,7,July,3,2024,True
2024-07-28,Sunday,7,July,3,2024,True
2024-07-29,Monday,7,July,3,2024,False
2024-07-30,Tuesday,7,July,3,2024,False
2024-07-31,Wednesday,7,July,3,2024,False
2024-08-01,Thursday,8,August,3,2024,False
2024-08-02,Friday,8,August,3,2024,False
2024-08-03,Saturday,8,August,3,2024,True
2024-08-04,Sunday,8,August,3,2024,True
2024-08-05,Monday,8,August,3,2024,False
2024-08-06,Tuesday,8,August,3,2024,False
2024-08-07,Wednesday,8,August,3,2024,False
2024-08-08,Thursday,8,August,3,2024,False
2024-08-09,Friday,8,August,3,2024,False
2024-08-10,Saturday,8,August,3,2024,True
2024-08-11,Sunday,8,August,3,2024,True
2024-08-12,Monday,8,August,3,2024,False
2024-08-13,Tuesday,8,August,3,2024,False
2024-08-14,Wednesday,8,August,3,2024,False
2024-08-15,Thursday,8,August,3,2024,False
2024-08-16,Friday,8,August,3,2024,False
2024-08-17,Saturday,8,August,3,2024,True
2024-08-18,Sunday,8,August,3,2024,True
2024-08-19,Monday,8,August,3,2024,False
2024-08-20,Tuesday,8,August,3,2024,False
2024-08-21,Wednesday,8,August,3,2024,False
2024-08-22,Thursday,8,August,3,2024,False
2024-08-23,Friday,8,August,3,2024,False
2024-08-24,Saturday,8,August,3,2024,True
2024-08-25,Sunday,8,August,3,2024,True
2024-08-26,Monday,8,August,3,2024,False
2024-08-27,Tuesday,8,August,3,2024,False
2024-08-28,Wednesday,8,August,3,2024,False
2024-08-29,Thursday,8,August,3,2024,False
2024-08-30,Friday,8,August,3,2024,False
2024-08-31,Saturday,8,August,3,2024,True
2024-09-01,Sunday,9,September,3,2024,True
2024-09-02,Monday,9,September,3,2024,False
2024-09-03,Tuesday,9,September,3,2024,False
2024-09-04,Wednesday,9,September,3,2024,False
2024-09-05,Thursday,9,September,3,2024,False
2024-09-06,Friday,9,September,3,2024,False
2024-09-07,Saturday,9,September,3,2024,True
2024-09-08,Sunday,9,September,3,2024,True
2024-09-09,Monday,9,September,3,2024,False
2024-09-10,Tuesday,9,September,3,2024,False
2024-09-11,Wednesday,9,September,3,2024,False
2024-09-12,Thursday,9,September,3,2024,False
2024-09-13,Friday,9,September,3,2024,False
2024-09-14,Saturday,9,September,3,2024,True
2024-09-15,Sunday,9,September,3,2024,True
2024-09-16,Monday,9,September,3,2024,False
2024-09-17,Tuesday,9,September,3,2024,False
2024-09-18,Wednesday,9,September,3,2024,False
2024-09-19,Thursday,9,September,3,2024,False
2024-09-20,Friday,9,September,3,2024,False
2024-09-21,Saturday,9,September,3,2024,True
2024-09-22,Sunday,9,September,3,2024,True
2024-09-23,Monday,9,September,3,2024,False
2024-09-24,Tuesday,9,September,3,2024,False
2024-09-25,Wednesday,9,September,3,2024,False
2024-09-26,Thursday,9,September,3,2024,False
2024-09-27,Friday,9,September,3,2024,False
2024-09-28,Saturday,9,September,3,2024,True
2024-09-29,Sunday,9,September,3,2024,True
2024-09-30,Monday,9,September,3,2024,False
2024-10-01,Tuesday,10,October,4,2024,False
2024-10-02,Wednesday,10,October,4,2024,False
2024-10-03,Thursday,10,October,4,2024,False
2024-10-04,Friday,10,October,4,2024,False
2024-10-05,Saturday,10,October,4,2024,True
2024-10-06,Sunday,10,October,4,2024,True
2024-10-07,Monday,10,October,4,2024,False
2024-10-08,Tuesday,10,October,4,2024,False
2024-10-09,Wednesday,10,October,4,2024,False
2024-10-10,Thursday,10,October,4,2024,False
2024-10-11,Friday,10,October,4,2024,False
2024-10-12,Saturday,10,October,4,2024,True
2024-10-13,Sunday,10,October,4,2024,True
2024-10-14,Monday,10,October,4,2024,False
2024-10-15,Tuesday,10,October,4,2024,False
2024-10-16,Wednesday,10,October,4,2024,False
2024-10-17,Thursday,10,October,4,2024,False
2024-10-18,Friday,10,October,4,2024,False
2024-10-19,Saturday,10,October,4,2024,True
2024-10-20,Sunday,10,October,4,2024,True
2024-10-21,Monday,10,October,4,2024,False
2024-10-22,Tuesday,10,October,4,2024,False
2024-10-23,Wednesday,10,October,4,2024,False
2024-10-24,Thursday,10,October,4,2024,False
2024-10-25,Friday,10,October,4,2024,False
2024-10-26,Saturday,10,October,4,2024,True
2024-10-27,Sunday,10,October,4,2024,True
2024-10-28,Monday,10,October,4,2024,False
2024-10-29,Tuesday,10,October,4,2024,False
2024-10-30,Wednesday,10,October,4,2024,False
2024-10-31,Thursday,10,October,4,2024,False
2024-11-01,Friday,11,November,4,2024,False
2024-11-02,Saturday,11,November,4,2024,True
2024-11-03,Sunday,11,November,4,2024,True
2024-11-04,Monday,11,November,4,2024,False
2024-11-05,Tuesday,11,November,4,2024,False
2024-11-06,Wednesday,11,November,4,2024,False
2024-11-07,Thursday,11,November,4,2024,False
2024-11-08,Friday,11,November,4,2024,False
2024-11-09,Saturday,11,November,4,2024,True
2024-11-10,Sunday,11,November,4,2024,True
2024-11-11,Monday,11,November,4,2024,False
2024-11-12,Tuesday,11,November,4,2024,False
2024-11-13,Wednesday,11,November,4,2024,False
2024-11-14,Thursday,11,November,4,2024,False
2024-11-15,Friday,11,November,4,2024,False
2024-11-16,Saturday,11,November,4,2024,True
2024-11-17,Sunday,11,November,4,2024,True
2024-11-18,Monday,11,November,4,2024,False
2024-11-19,Tuesday,11,November,4,2024,False
2024-11-20,Wednesday,11,November,4,2024,False
2024-11-21,Thursday,11,November,4,2024,False
2024-11-22,Friday,11,November,4,2024,False
2024-11-23,Saturday,11,November,4,2024,True
2024-11-24,Sunday,11,November,4,2024,True
2024-11-25,Monday,11,November,4,2024,False
2024-11-26,Tuesday,11,November,4,2024,False
2024-11-27,Wednesday,11,November,4,2024,False
2024-11-28,Thursday,11,November,4,2024,False
2024-11-29,Friday,11,November,4,2024,False
2024-11-30,Saturday,11,November,4,2024,True
2024-12-01,Sunday,12,December,4,2024,True
2024-12-02,Monday,12,December,4,2024,False
2024-12-03,Tuesday,12,December,4,2024,False
2024-12-04,Wednesday,12,December,4,2024,False
2024-12-05,Thursday,12,December,4,2024,False
2024-12-06,Friday,12,December,4,2024,False
2024-12-07,Saturday,12,December,4,2024,True
2024-12-08,Sunday,12,December,4,2024,True
2024-12-09,Monday,12,December,4,2024,False
2024-12-10,Tuesday,12,December,4,2024,False
2024-12-11,Wednesday,12,December,4,2024,False
2024-12-12,Thursday,12,December,4,2024,False
2024-12-13,Friday,12,December,4,2024,False
2024-12-14,Saturday,12,December,4,2024,True
2024-12-15,Sunday,12,December,4,2024,True
2024-12-16,Monday,12,December,4,2024,False
2024-12-17,Tuesday,12,December,4,2024,False
2024-12-18,Wednesday,12,December,4,2024,False
2024-12-19,Thursday,12,December,4,2024,False
2024-12-20,Friday,12,December,4,2024,False
2024-12-21,Saturday,12,December,4,2024,True
2024-12-22,Sunday,12,December,4,2024,True
2024-12-23,Monday,12,December,4,2024,False
2024-12-24,Tuesday,12,December,4,2024,False
2024-12-25,Wednesday,12,December,4,2024,False
2024-12-26,Thursday,12,December,4,2024,False
2024-12-27,Friday,12,December,4,2024,False
2024-12-28,Saturday,12,December,4,2024,True
2024-12-29,Sunday,12,December,4,2024,True
2024-12-30,Monday,12,December,4,2024,False
2024-12-31,Tuesday,12,December,4,2024,False
2025-01-01,Wednesday,1,January,1,2025,False
2025-01-02,Thursday,1,January,1,2025,False
2025-01-03,Friday,1,January,1,2025,False
2025-01-04,Saturday,1,January,1,2025,True
2025-01-05,Sunday,1,January,1,2025,True
2025-01-06,Monday,1,January,1,2025,False
2025-01-07,Tuesday,1,January,1,2025,False
2025-01-08,Wednesday,1,January,1,2025,False
2025-01-09,Thursday,1,January,1,2025,False
2025-01-10,Friday,1,January,1,2025,False
2025-01-11,Saturday,1,January,1,2025,True
2025-01-12,Sunday,1,January,1,2025,True
2025-01-13,Monday,1,January,1,2025,False
2025-01-14,Tuesday,1,January,1,2025,False
2025-01-15,Wednesday,1,January,1,2025,False
2025-01-16,Thursday,1,January,1,2025,False
2025-01-17,Friday,1,January,1,2025,False
2025-01-18,Saturday,1,January,1,2025,True
2025-01-19,Sunday,1,January,1,2025,True
2025-01-20,Monday,1,January,1,2025,False
2025-01-21,Tuesday,1,January,1,2025,False
2025-01-22,Wednesday,1,January,1,2025,False
2025-01-23,Thursday,1,January,1,2025,False
2025-01-24,Friday,1,January,1,2025,False
2025-01-25,Saturday,1,January,1,2025,True
2025-01-26,Sunday,1,January,1,2025,True
2025-01-27,Monday,1,January,1,2025,False
2025-01-28,Tuesday,1,January,1,2025,False
2025-01-29,Wednesday,1,January,1,2025,False
2025-01-30,Thursday,1,January,1,2025,False
2025-01-31,Friday,1,January,1,2025,False
2025-02-01,Saturday,2,February,1,2025,True
2025-02-02,Sunday,2,February,1,2025,True
2025-02-03,Monday,2,February,1,2025,False
2025-02-04,Tuesday,2,February,1,2025,False
2025-02-05,Wednesday,2,February,1,2025,False
2025-02-06,Thursday,2,February,1,2025,False
2025-02-07,Friday,2,February,1,2025,False
2025-02-08,Saturday,2,February,1,2025,True
2025-02-09,Sunday,2,February,1,2025,True
2025-02-10,Monday,2,February,1,2025,False
2025-02-11,Tuesday,2,February,1,2025,False
2025-02-12,Wednesday,2,February,1,2025,False
2025-02-13,Thursday,2,February,1,2025,False
2025-02-14,Friday,2,February,1,2025,False
2025-02-15,Saturday,2,February,1,2025,True
2025-02-16,Sunday,2,February,1,2025,True
2025-02-17,Monday,2,February,1,2025,False
2025-02-18,Tuesday,2,February,1,2025,False
2025-02-19,Wednesday,2,February,1,2025,False
2025-02-20,Thursday,2,February,1,2025,False
2025-02-21,Friday,2,February,1,2025,False
2025-02-22,Saturday,2,February,1,2025,True
2025-02-23,Sunday,2,February,1,2025,True
2025-02-24,Monday,2,February,1,2025,False
2025-02-25,Tuesday,2,February,1,2025,False
2025-02-26,Wednesday,2,February,1,2025,False
2025-02-27,Thursday,2,February,1,2025,False
2025-02-28,Friday,2,February,1,2025,False
2025-03-01,Saturday,3,March,1,2025,True
2025-03-02,Sunday,3,March,1,2025,True
2025-03-03,Monday,3,March,1,2025,False
2025-03-04,Tuesday,3,March,1,2025,False
2025-03-05,Wednesday,3,March,1,2025,False
2025-03-06,Thursday,3,March,1,2025,False
2025-03-07,Friday,3,March,1,2025,False
2025-03-08,Saturday,3,March,1,2025,True
2025-03-09,Sunday,3,March,1,2025,True
2025-03-10,Monday,3,March,1,2025,False
2025-03-11,Tuesday,3,March,1,2025,False
2025-03-12,Wednesday,3,March,1,2025,False
2025-03-13,Thursday,3,March,1,2025,False
2025-03-14,Friday,3,March,1,2025,False
2025-03-15,Saturday,3,March,1,2025,True
2025-03-16,Sunday,3,March,1,2025,True
2025-03-17,Monday,3,March,1,2025,False
2025-03-18,Tuesday,3,March,1,2025,False
2025-03-19,Wednesday,3,March,1,2025,False
2025-03-20,Thursday,3,March,1,2025,False
2025-03-21,Friday,3,March,1,2025,False
2025-03-22,Saturday,3,March,1,2025,True
2025-03-23,Sunday,3,March,1,2025,True
2025-03-24,Monday,3,March,1,2025,False
2025-03-25,Tuesday,3,March,1,2025,False
2025-03-26,Wednesday,3,March,1,2025,False
2025-03-27,Thursday,3,March,1,2025,False
2025-03-28,Friday,3,March,1,2025,False
2025-03-29,Saturday,3,March,1,2025,True
2025-03-30,Sunday,3,March,1,2025,True
2025-03-31,Monday,3,March,1,2025,False
2025-04-01,Tuesday,4,April,2,2025,False
2025-04-02,Wednesday,4,April,2,2025,False
2025-04-03,Thursday,4,April,2,2025,False
2025-04-04,Friday,4,April,2,2025,False
2025-04-05,Saturday,4,April,2,2025,True
2025-04-06,Sunday,4,April,2,2025,True
2025-04-07,Monday,4,April,2,2025,False
2025-04-08,Tuesday,4,April,2,2025,False
2025-04-09,Wednesday,4,April,2,2025,False
2025-04-10,Thursday,4,April,2,2025,False
2025-04-11,Friday,4,April,2,2025,False
2025-04-12,Saturday,4,April,2,2025,True
2025-04-13,Sunday,4,April,2,2025,True
2025-04-14,Monday,4,April,2,2025,False
2025-04-15,Tuesday,4,April,2,2025,False
2025-04-16,Wednesday,4,April,2,2025,False
2025-04-17,Thursday,4,April,2,2025,False
2025-04-18,Friday,4,April,2,2025,False
2025-04-19,Saturday,4,April,2,2025,True
2025-04-20,Sunday,4,April,2,2025,True
2025-04-21,Monday,4,April,2,2025,False
2025-04-22,Tuesday,4,April,2,2025,False
2025-04-23,Wednesday,4,April,2,2025,False
2025-04-24,Thursday,4,April,2,2025,False
2025-04-25,Friday,4,April,2,2025,False
2025-04-26,Saturday,4,April,2,2025,True
2025-04-27,Sunday,4,April,2,2025,True
2025-04-28,Monday,4,April,2,2025,False
2025-04-29,Tuesday,4,April,2,2025,False
2025-04-30,Wednesday,4,April,2,2025,False
2025-05-01,Thursday,5,May,2,2025,False
2025-05-02,Friday,5,May,2,2025,False
2025-05-03,Saturday,5,May,2,2025,True
2025-05-04,Sunday,5,May,2,2025,True
2025-05-05,Monday,5,May,2,2025,False
2025-05-06,Tuesday,5,May,2,2025,False
2025-05-07,Wednesday,5,May,2,2025,False
2025-05-08,Thursday,5,May,2,2025,False
2025-05-09,Friday,5,May,2,2025,False
2025-05-10,Saturday,5,May,2,2025,True
2025-05-11,Sunday,5,May,2,2025,True
2025-05-12,Monday,5,May,2,2025,False
2025-05-13,Tuesday,5,May,2,2025,False
2025-05-14,Wednesday,5,May,2,2025,False
2025-05-15,Thursday,5,May,2,2025,False
2025-05-16,Friday,5,May,2,2025,False
2025-05-17,Saturday,5,May,2,2025,True
2025-05-18,Sunday,5,May,2,2025,True
2025-05-19,Monday,5,May,2,2025,False
2025-05-20,Tuesday,5,May,2,2025,False
2025-05-21,Wednesday,5,May,2,2025,False
2025-05-22,Thursday,5,May,2,2025,False
2025-05-23,Friday,5,May,2,2025,False
2025-05-24,Saturday,5,May,2,2025,True
2025-05-25,Sunday,5,May,2,2025,True
2025-05-26,Monday,5,May,2,2025,False
2025-05-27,Tuesday,5,May,2,2025,False
2025-05-28,Wednesday,5,May,2,2025,False
2025-05-29,Thursday,5,May,2,2025,False
2025-05-30,Friday,5,May,2,2025,False
2025-05-31,Saturday,5,May,2,2025,True
2025-06-01,Sunday,6,June,2,2025,True
2025-06-02,Monday,6,June,2,2025,False
2025-06-03,Tuesday,6,June,2,2025,False
2025-06-04,Wednesday,6,June,2,2025,False
2025-06-05,Thursday,6,June,2,2025,False
2025-06-06,Friday,6,June,2,2025,False
2025-06-07,Saturday,6,June,2,2025,True
2025-06-08,Sunday,6,June,2,2025,True
2025-06-09,Monday,6,June,2,2025,False
2025-06-10,Tuesday,6,June,2,2025,False
2025-06-11,Wednesday,6,June,2,2025,False
2025-06-12,Thursday,6,June,2,2025,False
2025-06-13,Friday,6,June,2,2025,False
2025-06-14,Saturday,6,June,2,2025,True
2025-06-15,Sunday,6,June,2,2025,True
2025-06-16,Monday,6,June,2,2025,False
2025-06-17,Tuesday,6,June,2,2025,False
2025-06-18,Wednesday,6,June,2,2025,False
2025-06-19,Thursday,6,June,2,2025,False
2025-06-20,Friday,6,June,2,2025,False
2025-06-21,Saturday,6,June,2,2025,True
2025-06-22,Sunday,6,June,2,2025,True
2025-06-23,Monday,6,June,2,2025,False
2025-06-24,Tuesday,6,June,2,2025,False
2025-06-25,Wednesday,6,June,2,2025,False
2025-06-26,Thursday,6,June,2,2025,False
2025-06-27,Friday,6,June,2,2025,False
2025-06-28,Saturday,6,June,2,2025,True
2025-06-29,Sunday,6,June,2,2025,True
2025-06-30,Monday,6,June,2,2025,False
2025-07-01,Tuesday,7,July,3,2025,False
2025-07-02,Wednesday,7,July,3,2025,False
2025-07-03,Thursday,7,July,3,2025,False
2025-07-04,Friday,7,July,3,2025,False
2025-07-05,Saturday,7,July,3,2025,True
2025-07-06,Sunday,7,July,3,2025,True
2025-07-07,Monday,7,July,3,2025,False
2025-07-08,Tuesday,7,July,3,2025,False
2025-07-09,Wednesday,7,July,3,2025,False
2025-07-10,Thursday,7,July,3,2025,False
2025-07-11,Friday,7,July,3,2025,False
2025-07-12,Saturday,7,July,3,2025,True
2025-07-13,Sunday,7,July,3,2025,True
2025-07-14,Monday,7,July,3,2025,False
2025-07-15,Tuesday,7,July,3,2025,False
2025-07-16,Wednesday,7,July,3,2025,False
2025-07-17,Thursday,7,July,3,2025,False
2025-07-18,Friday,7,July,3,2025,False
2025-07-19,Saturday,7,July,3,2025,True
2025-07-20,Sunday,7,July,3,2025,True
2025-07-21,Monday,7,July,3,2025,False
2025-07-22,Tuesday,7,July,3,2025,False
2025-07-23,Wednesday,7,July,3,2025,False
2025-07-24,Thursday,7,July,3,2025,False
2025-07-25,Friday,7,July,3,2025,False
2025-07-26,Saturday,7,July,3,2025,True
2025-07-27,Sunday,7,July,3,2025,True
2025-07-28,Monday,7,July,3,2025,False
2025-07-29,Tuesday,7,July,3,2025,False
2025-07-30,Wednesday,7,July,3,2025,False
2025-07-31,Thursday,7,July,3,2025,False
2025-08-01,Friday,8,August,3,2025,False
2025-08-02,Saturday,8,August,3,2025,True
2025-08-03,Sunday,8,August,3,2025,True
2025-08-04,Monday,8,August,3,2025,False
2025-08-05,Tuesday,8,August,3,2025,False
2025-08-06,Wednesday,8,August,3,2025,False
2025-08-07,Thursday,8,August,3,2025,False
2025-08-08,Friday,8,August,3,2025,False
2025-08-09,Saturday,8,August,3,2025,True
2025-08-10,Sunday,8,August,3,2025,True
2025-08-11,Monday,8,August,3,2025,False
2025-08-12,Tuesday,8,August,3,2025,False
2025-08-13,Wednesday,8,August,3,2025,False
2025-08-14,Thursday,8,August,3,2025,False
2025-08-15,Friday,8,August,3,2025,False
2025-08-16,Saturday,8,August,3,2025,True
2025-08-17,Sunday,8,August,3,2025,True
2025-08-18,Monday,8,August,3,2025,False
2025-08-19,Tuesday,8,August,3,2025,False
2025-08-20,Wednesday,8,August,3,2025,False
2025-08-21,Thursday,8,August,3,2025,False
2025-08-22,Friday,8,August,3,2025,False
2025-08-23,Saturday,8,August,3,2025,True
2025-08-24,Sunday,8,August,3,2025,True
2025-08-25,Monday,8,August,3,2025,False
2025-08-26,Tuesday,8,August,3,2025,False
2025-08-27,Wednesday,8,August,3,2025,False
2025-08-28,Thursday,8,August,3,2025,False
2025-08-29,Friday,8,August,3,2025,False
2025-08-30,Saturday,8,August,3,2025,True
2025-08-31,Sunday,8,August,3,2025,True
2025-09-01,Monday,9,September,3,2025,False
2025-09-02,Tuesday,9,September,3,2025,False
2025-09-03,Wednesday,9,September,3,2025,False
2025-09-04,Thursday,9,September,3,2025,False
2025-09-05,Friday,9,September,3,2025,False
2025-09-06,Saturday,9,September,3,2025,True
2025-09-07,Sunday,9,September,3,2025,True
2025-09-08,Monday,9,September,3,2025,False
2025-09-09,Tuesday,9,September,3,2025,False
2025-09-10,Wednesday,9,September,3,2025,False
2025-09-11,Thursday,9,September,3,2025,False
2025-09-12,Friday,9,September,3,2025,False
2025-09-13,Saturday,9,September,3,2025,True
2025-09-14,Sunday,9,September,3,2025,True
2025-09-15,Monday,9,September,3,2025,False
2025-09-16,Tuesday,9,September,3,2025,False
2025-09-17,Wednesday,9,September,3,2025,False
2025-09-18,Thursday,9,September,3,2025,False
2025-09-19,Friday,9,September,3,2025,False
2025-09-20,Saturday,9,September,3,2025,True
2025-09-21,Sunday,9,September,3,2025,True
2025-09-22,Monday,9,September,3,2025,False
2025-09-23,Tuesday,9,September,3,2025,False
2025-09-24,Wednesday,9,September,3,2025,False
2025-09-25,Thursday,9,September,3,2025,False
2025-09-26,Friday,9,September,3,2025,False
2025-09-27,Saturday,9,September,3,2025,True
2025-09-28,Sunday,9,September,3,2025,True
2025-09-29,Monday,9,September,3,2025,False
2025-09-30,Tuesday,9,September,3,2025,False
2025-10-01,Wednesday,10,October,4,2025,False
2025-10-02,Thursday,10,October,4,2025,False
2025-10-03,Friday,10,October,4,2025,False
2025-10-04,Saturday,10,October,4,2025,True
2025-10-05,Sunday,10,October,4,2025,True
2025-10-06,Monday,10,October,4,2025,False
2025-10-07,Tuesday,10,October,4,2025,False
2025-10-08,Wednesday,10,October,4,2025,False
2025-10-09,Thursday,10,October,4,2025,False
2025-10-10,Friday,10,October,4,2025,False
2025-10-11,Saturday,10,October,4,2025,True
2025-10-12,Sunday,10,October,4,2025,True
2025-10-13,Monday,10,October,4,2025,False
2025-10-14,Tuesday,10,October,4,2025,False
2025-10-15,Wednesday,10,October,4,2025,False
2025-10-16,Thursday,10,October,4,2025,False
2025-10-17,Friday,10,October,4,2025,False
2025-10-18,Saturday,10,October,4,2025,True
2025-10-19,Sunday,10,October,4,2025,True
2025-10-20,Monday,10,October,4,2025,False
2025-10-21,Tuesday,10,October,4,2025,False
2025-10-22,Wednesday,10,October,4,2025,False
2025-10-23,Thursday,10,October,4,2025,False
2025-10-24,Friday,10,October,4,2025,False
2025-10-25,Saturday,10,October,4,2025,True
2025-10-26,Sunday,10,October,4,2025,True
2025-10-27,Monday,10,October,4,2025,False
2025-10-28,Tuesday,10,October,4,2025,False
2025-10-29,Wednesday,10,October,4,2025,False
2025-10-30,Thursday,10,October,4,2025,False
2025-10-31,Friday,10,October,4,2025,False
2025-11-01,Saturday,11,November,4,2025,True
2025-11-02,Sunday,11,November,4,2025,True
2025-11-03,Monday,11,November,4,2025,False
2025-11-04,Tuesday,11,November,4,2025,False
2025-11-05,Wednesday,11,November,4,2025,False
2025-11-06,Thursday,11,November,4,2025,False
2025-11-07,Friday,11,November,4,2025,False
2025-11-08,Saturday,11,November,4,2025,True
2025-11-09,Sunday,11,November,4,2025,True
2025-11-10,Monday,11,November,4,2025,False
2025-11-11,Tuesday,11,November,4,2025,False
2025-11-12,Wednesday,11,November,4,2025,False
2025-11-13,Thursday,11,November,4,2025,False
2025-11-14,Friday,11,November,4,2025,False
2025-11-15,Saturday,11,November,4,2025,True
2025-11-16,Sunday,11,November,4,2025,True
2025-11-17,Monday,11,November,4,2025,False
2025-11-18,Tuesday,11,November,4,2025,False
2025-11-19,Wednesday,11,November,4,2025,False
2025-11-20,Thursday,11,November,4,2025,False
2025-11-21,Friday,11,November,4,2025,False
2025-11-22,Saturday,11,November,4,2025,True
2025-11-23,Sunday,11,November,4,2025,True
2025-11-24,Monday,11,November,4,2025,False
2025-11-25,Tuesday,11,November,4,2025,False
2025-11-26,Wednesday,11,November,4,2025,False
2025-11-27,Thursday,11,November,4,2025,False
2025-11-28,Friday,11,November,4,2025,False
2025-11-29,Saturday,11,November,4,2025,True
2025-11-30,Sunday,11,November,4,2025,True
2025-12-01,Monday,12,December,4,2025,False
2025-12-02,Tuesday,12,December,4,2025,False
2025-12-03,Wednesday,12,December,4,2025,False
2025-12-04,Thursday,12,December,4,2025,False
2025-12-05,Friday,12,December,4,2025,False
2025-12-06,Saturday,12,December,4,2025,True
2025-12-07,Sunday,12,December,4,2025,True
2025-12-08,Monday,12,December,4,2025,False
2025-12-09,Tuesday,12,December,4,2025,False
2025-12-10,Wednesday,12,December,4,2025,False
2025-12-11,Thursday,12,December,4,2025,False
2025-12-12,Friday,12,December,4,2025,False
2025-12-13,Saturday,12,December,4,2025,True
2025-12-14,Sunday,12,December,4,2025,True
2025-12-15,Monday,12,December,4,2025,False
2025-12-16,Tuesday,12,December,4,2025,False
2025-12-17,Wednesday,12,December,4,2025,False
2025-12-18,Thursday,12,December,4,2025,False
2025-12-19,Friday,12,December,4,2025,False
2025-12-20,Saturday,12,December,4,2025,True
2025-12-21,Sunday,12,December,4,2025,True
2025-12-22,Monday,12,December,4,2025,False
2025-12-23,Tuesday,12,December,4,2025,False
2025-12-24,Wednesday,12,December,4,2025,False
2025-12-25,Thursday,12,December,4,2025,False
2025-12-26,Friday,12,December,4,2025,False
2025-12-27,Saturday,12,December,4,2025,True
2025-12-28,Sunday,12,December,4,2025,True
2025-12-29,Monday,12,December,4,2025,False
2025-12-30,Tuesday,12,December,4,2025,False
2025-12-31,Wednesday,12,December,4,2025,False
